{
  "FeatureServices": [
    {
      "ReplaceTag": "HighFS",
      "Mxd": "../Maps and GDBs/HighWaterConsumption.mxd",
      "DateTimeFormat": "%d-%m-%Y",
      "Title": "DemoStagedService",
      "Capabilities": "Query,Create,Update,Delete,Uploads,Editing,Sync",
      "EnableEditTracking": "false",
      "maxRecordCount": "4000",
      "ShareEveryone": "false",
      "ShareOrg": "true",
      "Groups": [
        "Portland Water Conf"
      ],
      "Folder": "Consumption",
      "Thumbnail": "./icons/wtr-high-consumption-layers.png"
    }
  ]
}