{
  "Reports": [
    {
      "Type": "AVERAGE",
      "ReportingAreas": "../Maps and GDBs/GeographicBoundaries.gdb/Feeders",
      "ReportingAreasIDField": "FEEDER",
      "Data": "../Maps and GDBs/ElectricDistributionNetwork.gdb/ElectricDataset/Pole",
      "FilterSQL": "1=1",
      "FieldMap": [
        {
          "FieldName": "INSTALLDATE",
          "ReplaceValue": "{installValue}"
        }
      ],
      "PreCalcExpression": "datetime.datetime.now().year - datetime.datetime.strptime('{installValue}'.split(' ')[0], '%Y-%m-%d').year",
      "ReportResultSchema": "../Maps and GDBs/AssetReports.gdb/Schema_Poles_AverageAge",
      "ReportResult": "../Maps and GDBs/AssetReports.gdb/Poles_AverageAge",
      "ReportDateField": "RPTDATE",
      "ReportIDField": "FEEDER",
      "AverageToResultFieldMap": [
        {
          "FieldName": "AVERAGE",
          "Expression": "round({Value},2)"
        },
        {
          "FieldName": "CAPCOST",
          "Expression": "round(float(908.22) - (float({Value}) * (float(float(908.22) - float(0.0)) * float(float(1.0) / float(37.0)))),2)"
        }
      ]
    },
    {
      "Type": "RECLASS",
      "ReportingAreas": "../Maps and GDBs/GeographicBoundaries.gdb/Feeders",
      "ReportingAreasIDField": "FEEDER",
      "Data": "../Maps and GDBs/ElectricDistributionNetwork.gdb/ElectricDataset/Pole",
      "FilterSQL": "1=1",
      "FieldMap": [
        {
          "FieldName": "SUBTYPECODE",
          "Expression": "{TypeValue}"
        }
      ],
      "ReclassMap": [
        {
          "FieldName": "WOOD",
          "Expression": "'{TypeValue}' == '1'"
        },
        {
          "FieldName": "NONWOOD",
          "Expression": "'{TypeValue}' == '2'"
        },
        {
          "FieldName": "HFRAME",
          "Expression": "'{TypeValue}' == '3'"
        },
        {
          "FieldName": "LIGHT",
          "Expression": "'{TypeValue}' == '4'"
        },
        {
          "FieldName": "TOTAL",
          "Expression": "1==1"
        }
      ],
      "CountField": "FREQUENCY",
      "ReportResultSchema": "../Maps and GDBs/AssetReports.gdb/Schema_Poles_By_Type",
      "ReportResult": "../Maps and GDBs/AssetReports.gdb/Poles_By_Type",
      "ReportDateField": "RPTDATE",
      "ReportIDField": "FEEDER",
      "FinalResultExpression": "{Value}"
    },
    {
      "Type": "RECLASS",
      "ReportingAreas": "../Maps and GDBs/GeographicBoundaries.gdb/Feeders",
      "ReportingAreasIDField": "FEEDER",
      "Data": "../Maps and GDBs/ElectricDistributionNetwork.gdb/ElectricDataset/Pole",
      "FilterSQL": "1=1",
      "FieldMap": [
        {
          "FieldName": "INSTALLDATE",
          "Expression": "{DateValue}"
        }
      ],
      "ReclassMap": [
        {
          "FieldName": "INSTDATE",
          "Expression": "'{DateValue}' == 'None'"
        },
        {
          "FieldName": "INSTDATE1",
          "Expression": "(datetime.datetime.strptime('{DateValue}'.split(' ')[0], '%Y-%m-%d') < datetime.datetime.strptime('1/1/1990', '%m/%d/%Y')) if '{DateValue}' != 'None' else 1==2"
        },
        {
          "FieldName": "INSTDATE2",
          "Expression": "(datetime.datetime.strptime('{DateValue}'.split(' ')[0], '%Y-%m-%d') >= datetime.datetime.strptime('1/1/1990', '%m/%d/%Y') and datetime.datetime.strptime('{DateValue}'.split(' ')[0], '%Y-%m-%d') < datetime.datetime.strptime('1/1/2005', '%m/%d/%Y') ) if '{DateValue}' != 'None' else 1==2"
        },
        {
          "FieldName": "INSTDATE3",
          "Expression": "(datetime.datetime.strptime('{DateValue}'.split(' ')[0], '%Y-%m-%d') >= datetime.datetime.strptime('1/1/2005', '%m/%d/%Y') and datetime.datetime.strptime('{DateValue}'.split(' ')[0], '%Y-%m-%d') < datetime.datetime.strptime('1/1/2040', '%m/%d/%Y')) if '{DateValue}' != 'None' else 1==2"
        },
        {
          "FieldName": "TOTAL",
          "Expression": "1==1"
        }
      ],
      "CountField": "FREQUENCY",
      "ReportResultSchema": "../Maps and GDBs/AssetReports.gdb/Schema_Poles_By_Decade",
      "ReportResult": "../Maps and GDBs/AssetReports.gdb/Poles_By_Decade",
      "ReportDateField": "RPTDATE",
      "ReportIDField": "FEEDER",
      "FinalResultExpression": "{Value}"
    }
  ],
  "PublishingDetails": {
    "FeatureServices": [{
      
      "Mxd": "../Maps and GDBs/PoleReport.mxd",
      "DateTimeFormat": "%B-%d-%Y",
      "Title": "{DATE} Pole Report",
      "Capabilities": "Query,Sync",
      "EnableEditTracking": "false",
      "maxRecordCount": "1000",
      "ShareEveryone": "true",
      "ShareOrg": "true",
      "Groups": "Reports",
      "Folder": "Pole Reports",
      "Thumbnail": "./icons/pole-report-layer.png"
    }],
    "MapDetails": [
      {
        "Type": "Web Map",
        "typeKeywords": [
          "ArcGIS Online",
          "Collector",
          "Data Editing",
          "Explorer Web Map",
          "Map",
          "Offline",
          "Online Map",
          "Web Map"
        ],
        "ReplaceInfo": [
          {
            "SearchString": "{ServiceUrl}",
            "ReplaceString": "{FeatureService}",
            "ReplaceType": "Layer"
          }
        ],
        "Title": "{DATE} Pole Report",
        "DateTimeFormat": "%B-%d-%Y",
        "Summary": "A map with the average age of poles, poles by decade and poles by type",
        "Description": "Map with pole report layers",
        "Tags": "Services, Report",
        "Extent": "-80.3879,27.4071,-80.2611,27.4864",
        "ItemJSON": "./portal_item_defs/PoleReport.json",
        "UpdateService": "true",
        "ShareEveryone": "true",
        "ShareOrg": "true",
        "Groups": "Reports",
        "Folder": "Pole Reports",
        "Thumbnail": "./icons/pole-report-map.png"
      }
    ]
  }
}