{
  "Reports": [
    {
      "Type": "RECLASS",
      "ReportingAreas": "../Maps and GDBs/DOTReports.gdb/ServiceArea",
      "ReportingAreasIDField": "NAME",
      "Data": "../Maps and GDBs/UPDM.gdb/P_PipeSystem/P_Service",
      "FilterSQL": "STATUS = 'Active'",
      "FieldMap": [
        {
          "FieldName": "Material",
          "Expression": "{MatValue}"
        },
        {
          "FieldName": "CPSystem_GlobalID",
          "Expression": "{CPValue}"
        }
      ],
      "ReclassMap": [
        {
          "FieldName": "B1S_1",
          "Expression": "'{MatValue}' == '1' and '{CPValue}' == 'None'"
        },
        {
          "FieldName": "B1S_2",
          "Expression": "'{MatValue}' == '2' and '{CPValue}' == 'None'"
        },
        {
          "FieldName": "B1S_3",
          "Expression": "'{MatValue}' == '1' and '{CPValue}' != 'None'"
        },
        {
          "FieldName": "B1S_4",
          "Expression": "'{MatValue}' == '2' and '{CPValue}' != 'None'"
        },
        {
          "FieldName": "B1S_5",
          "Expression": "'{MatValue}' in ['7', '8', '9', '10']"
        },
        {
          "FieldName": "B1S_6",
          "Expression": "'{MatValue}' in ['5', '6']"
        },
        {
          "FieldName": "B1S_7",
          "Expression": "'{MatValue}' == '3'"
        },
        {
          "FieldName": "B1S_8",
          "Expression": "'{MatValue}' == '4'"
        },
        {
          "FieldName": "B1S_9",
          "Expression": "'{MatValue}' == 'None' or not ('{MatValue}' in ['1', '2', '3','4', '5', '6','7', '8', '9', '10'])"
        },
        {
          "FieldName": "B1S_T",
          "Expression": "1==1"
        }
      ],
      "CountField": "FREQUENCY",
      "ReportResultSchema": "../Maps and GDBs/DOTReports.gdb/Schema_Part_B_Section_1_General/ServicesByMaterial_Schema",
      "ReportResult": "../Maps and GDBs/DOTReports.gdb/Part_B_Section_1_General/ServicesByMaterial",
      "ReportDateField": "RPTDATE",
      "ReportIDField": "NAME",
      "FinalResultExpression": "{Value}"
    },
    {
      "Type": "RECLASS",
      "ReportingAreas": "../Maps and GDBs/DOTReports.gdb/ServiceArea",
      "ReportingAreasIDField": "NAME",
      "Data": "../Maps and GDBs/UPDM.gdb/P_PipeSystem/P_Pipes",
      "FilterSQL": "STATUS = 'Active' AND SYSTEMTYPE = 'Distribution'",
      "FieldMap": [
        {
          "FieldName": "Material",
          "Expression": "{MatValue}"
        },
        {
          "FieldName": "CPSYSTEM_GlobalID",
          "Expression": "{CPValue}"
        }
      ],
      "ReclassMap": [
        {
          "FieldName": "B1M_1",
          "Expression": "'{MatValue}' == '1' and '{CPValue}' == 'None'"
        },
        {
          "FieldName": "B1M_2",
          "Expression": "'{MatValue}' == '3' and '{CPValue}' == 'None'"
        },
        {
          "FieldName": "B1M_3",
          "Expression": "'{MatValue}' == '1' and '{CPValue}' != 'None'"
        },
        {
          "FieldName": "B1M_4",
          "Expression": "'{MatValue}' == '3' and '{CPValue}' != 'None'"
        },
        {
          "FieldName": "B1M_5",
          "Expression": "'{MatValue}' in ['5', '8', '9', '11']"
        },
        {
          "FieldName": "B1M_6",
          "Expression": "'{MatValue}' in ['2', '6']"
        },
        {
          "FieldName": "B1M_7",
          "Expression": "'{MatValue}' == '7'"
        },
        {
          "FieldName": "B1M_8",
          "Expression": "'{MatValue}' == '4'"
        },
        {
          "FieldName": "B1M_9",
          "Expression": "'{MatValue}' == 'None' or not ('{MatValue}' in ['1', '2', '3','4', '5', '6','7', '8', '9', '11'])"
        },
        {
          "FieldName": "B1M_T",
          "Expression": "1==1"
        }
      ],
      "CountField": "MEASUREDLENGTH",
      "ReportResultSchema": "../Maps and GDBs/DOTReports.gdb/Schema_Part_B_Section_1_General/MainsByMaterial_Schema",
      "ReportResult": "../Maps and GDBs/DOTReports.gdb/Part_B_Section_1_General/MainsByMaterial",
      "ReportDateField": "RPTDATE",
      "ReportIDField": "NAME",
      "FinalResultExpression": "round(float({Value})/float(5280),2)"
    }
  ],
  "PublishingDetails": {
    "FeatureServices": [{
      "ReplaceTag": "ReportService",
      "Mxd": "../Maps and GDBs/PartB-Section1-AssetsByMaterial_Report.mxd",
      "DateTimeFormat": "%m-%Y",
      "Title": "{Date}: Gas Distribution Assets by Material Report",
      "Capabilities": "Query,Sync",
      "EnableEditTracking": "false",
      "maxRecordCount": "1000",
      "ShareEveryone": "false",
      "ShareOrg": "true",
      "Groups": [
        "DOT Report",
        "Central Services"
      ],
      "Folder": "DOT Distribution Reports",
      "Thumbnail": "./icons/assets-by-material-layers.png"
    }],
    "MapDetails": [
      {
        "ReplaceTag": "ReportMap",
        "Type": "Web Map",
        "typeKeywords": [
          "ArcGIS Online",
          "Collector",
          "Data Editing",
          "Explorer Web Map",
          "Map",
          "Offline",
          "Online Map",
          "Web Map"
        ],
        "ReplaceInfo": [
          {
            "SearchString": "{ServiceUrl}",
            "ReplaceString": "ReportService",
            "ReplaceType": "Layer"
          }
        ],
        "Title": "{Date}: Part B - Section 1: General",
        "DateTimeFormat": "%m-%Y",
        "Summary": " A map with the assets by material",
        "Description": "Map with layers for Part B - Section 1 of the Annual DOT Report",
        "Tags": "Services, Report, DOT, Report",
        "Extent": "-88.2553,41.7601,-88.0017,41.878",
        "ItemJSON": "./portal_item_defs/PartBSection1.json",
        "UpdateService": "true",
        "ShareEveryone": "false",
        "ShareOrg": "true",
        "Groups": [
          "DOT Report",
          "Central Services"
        ],
        "Folder": "DOT Distribution Reports",
        "Thumbnail": "./icons/assets-by-material-map.png"
      }
    ]
  }
}