{
  "operationalLayers": [
    {
      "url": "{ServiceUrl}/2",
      "id": "Pole_Report_1867",
      "visibility": true,
      "opacity": 0.40,
      "title": "Poles By Type Report",
      "itemId": "77f9606e56e0453194dcf713e49813ed",
      "popupInfo": {
        "title": "Poles By Type Report",
        "fieldInfos": [
          {
            "fieldName": "OBJECTID",
            "label": "OBJECTID",
            "isEditable": false,
            "tooltip": "",
            "visible": false,
            "stringFieldOption": "textbox"
          },
          {
            "fieldName": "FEEDER",
            "label": "Name",
            "isEditable": true,
            "tooltip": "",
            "visible": true,
            "stringFieldOption": "textbox"
          },
          {
            "fieldName": "RPTDATE",
            "label": "Report Date",
            "isEditable": true,
            "tooltip": "",
            "visible": true,
            "format": {
              "dateFormat": "longMonthDayYear"
            },
            "stringFieldOption": "textbox"
          },
          {
            "fieldName": "WOOD",
            "label": "Wood Poles:",
            "isEditable": true,
            "tooltip": "",
            "visible": true,
            "format": {
              "places": 0,
              "digitSeparator": true
            },
            "stringFieldOption": "textbox"
          },
          {
            "fieldName": "NONWOOD",
            "label": "Non Wood Poles:",
            "isEditable": true,
            "tooltip": "",
            "visible": true,
            "format": {
              "places": 0,
              "digitSeparator": true
            },
            "stringFieldOption": "textbox"
          },
          {
            "fieldName": "HFRAME",
            "label": "H-Frame Poles:",
            "isEditable": true,
            "tooltip": "",
            "visible": true,
            "format": {
              "places": 0,
              "digitSeparator": true
            },
            "stringFieldOption": "textbox"
          },
          {
            "fieldName": "LIGHT",
            "label": "Streetlight Poles:",
            "isEditable": true,
            "tooltip": "",
            "visible": true,
            "format": {
              "places": 0,
              "digitSeparator": true
            },
            "stringFieldOption": "textbox"
          },
          {
            "fieldName": "TOTAL",
            "label": "Pole Total:",
            "isEditable": true,
            "tooltip": "",
            "visible": true,
            "format": {
              "places": 0,
              "digitSeparator": true
            },
            "stringFieldOption": "textbox"
          },
          {
            "fieldName": "GlobalID",
            "label": "",
            "isEditable": false,
            "tooltip": "",
            "visible": false,
            "stringFieldOption": "textbox"
          }
        ],
        "description": "<div style=\"text-align: center;\"><font color=\"#ff7f50\"><b>Reporting Area: {FEEDER}</b></font></div><div style=\"text-align: left;\">Wood Poles: <b>{WOOD}</b><br /></div><div style=\"text-align: left;\">Non Wood Poles: <b>{NONWOOD}</b></div><div style=\"text-align: left;\">H-Frame Poles: <b>{HFRAME}</b></div><div style=\"text-align: left;\">Streetlight Poles: <b>{LIGHT}</b></div><div style=\"text-align: left;\">----------------</div><div style=\"text-align: left;\">Total: <b>{TOTAL}</b></div><div style=\"text-align: left;\"><br /></div><div style=\"text-align: left;\">Report Date: <b>{RPTDATE}</b></div>",
        "showAttachments": true,
        "mediaInfos": [
          {
            "title": "Type Comparison",
            "type": "piechart",
            "caption": "",
            "value": {
              "fields": [
                "WOOD",
                "NONWOOD",
                "HFRAME",
                "LIGHT"
              ],
              "normalizeField": null
            }
          }
        ]
      }
    },
    {
      "url": "{ServiceUrl}/1",
      "id": "Pole_Report_770",
      "visibility": true,
      "opacity": 0.40,
      "title": "Poles by Decade",
      "itemId": "77f9606e56e0453194dcf713e49813ed",
      "popupInfo": {
        "title": "Poles by Decade",
        "fieldInfos": [
          {
            "fieldName": "OBJECTID",
            "label": "OBJECTID",
            "isEditable": false,
            "tooltip": "",
            "visible": false,
            "stringFieldOption": "textbox"
          },
          {
            "fieldName": "FEEDER",
            "label": "Name",
            "isEditable": true,
            "tooltip": "",
            "visible": true,
            "stringFieldOption": "textbox"
          },
          {
            "fieldName": "RPTDATE",
            "label": "Report Date",
            "isEditable": true,
            "tooltip": "",
            "visible": true,
            "format": {
              "dateFormat": "longMonthDayYear"
            },
            "stringFieldOption": "textbox"
          },
          {
            "fieldName": "TOTAL",
            "label": "Pole Total:",
            "isEditable": true,
            "tooltip": "",
            "visible": true,
            "format": {
              "places": 0,
              "digitSeparator": true
            },
            "stringFieldOption": "textbox"
          },
          {
            "fieldName": "INSTDATE1",
            "label": "Prior to 1990:",
            "isEditable": true,
            "tooltip": "",
            "visible": true,
            "format": {
              "places": 0,
              "digitSeparator": true
            },
            "stringFieldOption": "textbox"
          },
          {
            "fieldName": "INSTDATE2",
            "label": "1990 to 2005:",
            "isEditable": true,
            "tooltip": "",
            "visible": true,
            "format": {
              "places": 0,
              "digitSeparator": true
            },
            "stringFieldOption": "textbox"
          },
          {
            "fieldName": "INSTDATE3",
            "label": "After 2005:",
            "isEditable": true,
            "tooltip": "",
            "visible": true,
            "format": {
              "places": 0,
              "digitSeparator": true
            },
            "stringFieldOption": "textbox"
          },
          {
            "fieldName": "INSTDATE",
            "label": "No Install Date",
            "isEditable": true,
            "tooltip": "",
            "visible": true,
            "format": {
              "places": 0,
              "digitSeparator": true
            },
            "stringFieldOption": "textbox"
          },
          {
            "fieldName": "GlobalID",
            "label": "",
            "isEditable": false,
            "tooltip": "",
            "visible": false,
            "stringFieldOption": "textbox"
          }
        ],
        "description": "<div style=\"text-align: center;\"><font color=\"#d2691e\">Reporting Area: {FEEDER}</font></div><div style=\"text-align: left;\">Installed Prior 1990: <b>{INSTDATE1}</b></div><div style=\"text-align: left;\">Installed 1990-2005: <b>{INSTDATE2}</b></div><div style=\"text-align: left;\">Installed after 2005: <b>{INSTDATE3}</b></div><div style=\"text-align: left;\">No Install Date: <b>{INSTDATE}</b></div><div style=\"text-align: left;\">------------------------</div><div style=\"text-align: left;\">Total: <b>{TOTAL}</b><br /></div><div style=\"text-align: left;\"><b><br /></b></div><div style=\"text-align: left;\">Report Date: <b>{RPTDATE}</b><b><br /></b></div>",
        "showAttachments": true,
        "mediaInfos": [
          {
            "title": "Year Comparison",
            "type": "piechart",
            "caption": "",
            "value": {
              "fields": [
                "INSTDATE1",
                "INSTDATE2",
                "INSTDATE3",
                "INSTDATE"
              ],
              "normalizeField": null
            }
          }
        ]
      }
    },
    {
      "url": "{ServiceUrl}/0",
      "id": "Pole_Report_1125",
      "visibility": true,
      "opacity": 0.40,
      "title": "Pole Age Report",
      "itemId": "77f9606e56e0453194dcf713e49813ed",
      "popupInfo": {
        "title": "Pole Age Report",
        "fieldInfos": [
          {
            "fieldName": "OBJECTID",
            "label": "OBJECTID",
            "isEditable": false,
            "tooltip": "",
            "visible": false,
            "stringFieldOption": "textbox"
          },
          {
            "fieldName": "FEEDER",
            "label": "Name",
            "isEditable": true,
            "tooltip": "",
            "visible": true,
            "stringFieldOption": "textbox"
          },
          {
            "fieldName": "RPTDATE",
            "label": "Report Date",
            "isEditable": true,
            "tooltip": "",
            "visible": true,
            "format": {
              "dateFormat": "longMonthDayYear"
            },
            "stringFieldOption": "textbox"
          },
          {
            "fieldName": "AVERAGE",
            "label": "Average Age:",
            "isEditable": true,
            "tooltip": "",
            "visible": true,
            "format": {
              "places": 2,
              "digitSeparator": true
            },
            "stringFieldOption": "textbox"
          },
          {
            "fieldName": "CAPCOST",
            "label": "Capital Cost:",
            "isEditable": true,
            "tooltip": "",
            "visible": true,
            "format": {
              "places": 2,
              "digitSeparator": true
            },
            "stringFieldOption": "textbox"
          },
          {
            "fieldName": "GlobalID",
            "label": "",
            "isEditable": false,
            "tooltip": "",
            "visible": false,
            "stringFieldOption": "textbox"
          }
        ],
        "description": "<div style=\"text-align: center;\"><b><font color=\"#d2691e\">Reporting Area: {FEEDER}</font></b></div><div style=\"text-align: center;\"><b><font color=\"#d2691e\"><br /></font></b></div><div>Average age: <b>{AVERAGE} </b>years<br /></div><div>Average depreciated cost: <b>${CAPCOST}</b><br /></div><div><br /></div><div>Report Date: {RPTDATE}</div>",
        "showAttachments": true,
        "mediaInfos": []
      }
    }
  ],
  "baseMap": {
    "baseMapLayers": [
      {
        "id": "defaultBasemap",
        "opacity": 1,
        "visibility": true,
        "url": "http://services.arcgisonline.com/ArcGIS/rest/services/World_Topo_Map/MapServer"
      }
    ],
    "title": "Topographic"
  },
  "version": "1.9.1",
  "applicationProperties": {
    "viewing": {
      "routing": {
        "enabled": true
      },
      "basemapGallery": {
        "enabled": true
      },
      "measure": {
        "enabled": true
      }
    }
  }
}